{"mean absolute error [mu]": 0.021692529320716858, "mean absolute error [alpha]": 0.009990575723350048, "mean absolute error [homo]": 0.015096615999937057, "mean absolute error [lumo]": 0.018375003710389137, "mean absolute error [gap]": 0.014100796543061733, "mean absolute error [r2]": 0.01886669360101223, "mean absolute error [zpve]": 0.01748734898865223, "mean absolute error [u0]": 0.013771789148449898, "mean absolute error [u298]": 0.013771966099739075, "mean absolute error [h298]": 0.013772692531347275, "mean absolute error [g298]": 0.013772749342024326, "mean absolute error [cv]": 0.020485132932662964, "root mean squared error [mu]": 0.029022039845585823, "root mean squared error [alpha]": 0.014785855077207088, "root mean squared error [homo]": 0.019987979903817177, "root mean squared error [lumo]": 0.025146273896098137, "root mean squared error [gap]": 0.018864957615733147, "root mean squared error [r2]": 0.02680586464703083, "root mean squared error [zpve]": 0.024780279025435448, "root mean squared error [u0]": 0.020739827305078506, "root mean squared error [u298]": 0.02073945477604866, "root mean squared error [h298]": 0.020739147439599037, "root mean squared error [g298]": 0.020739739760756493, "root mean squared error [cv]": 0.03053414635360241}