{"mean absolute error [mu]": 0.019069800153374672, "mean absolute error [alpha]": 0.008596296422183514, "mean absolute error [homo]": 0.01377300824970007, "mean absolute error [lumo]": 0.016703415662050247, "mean absolute error [gap]": 0.0126219242811203, "mean absolute error [r2]": 0.016695387661457062, "mean absolute error [zpve]": 0.015356638468801975, "mean absolute error [u0]": 0.011645966209471226, "mean absolute error [u298]": 0.011646063067018986, "mean absolute error [h298]": 0.01164656225591898, "mean absolute error [g298]": 0.011646672151982784, "mean absolute error [cv]": 0.017805632203817368, "root mean squared error [mu]": 0.02522939071059227, "root mean squared error [alpha]": 0.012478680349886417, "root mean squared error [homo]": 0.018208356574177742, "root mean squared error [lumo]": 0.022520989179611206, "root mean squared error [gap]": 0.0168011412024498, "root mean squared error [r2]": 0.02326584793627262, "root mean squared error [zpve]": 0.021459976211190224, "root mean squared error [u0]": 0.017201080918312073, "root mean squared error [u298]": 0.017200706526637077, "root mean squared error [h298]": 0.017200306057929993, "root mean squared error [g298]": 0.017200851812958717, "root mean squared error [cv]": 0.025823839008808136}