{"mean absolute error [mu]": 0.021481305360794067, "mean absolute error [alpha]": 0.009729539044201374, "mean absolute error [homo]": 0.015360246412456036, "mean absolute error [lumo]": 0.01852046139538288, "mean absolute error [gap]": 0.014224792830646038, "mean absolute error [r2]": 0.018610641360282898, "mean absolute error [zpve]": 0.016872286796569824, "mean absolute error [u0]": 0.013338708318769932, "mean absolute error [u298]": 0.013338836841285229, "mean absolute error [h298]": 0.013339482247829437, "mean absolute error [g298]": 0.013339563272893429, "mean absolute error [cv]": 0.019992545247077942, "root mean squared error [mu]": 0.028435176238417625, "root mean squared error [alpha]": 0.014332459308207035, "root mean squared error [homo]": 0.02042141929268837, "root mean squared error [lumo]": 0.025371931493282318, "root mean squared error [gap]": 0.019227027893066406, "root mean squared error [r2]": 0.026680761948227882, "root mean squared error [zpve]": 0.02386707253754139, "root mean squared error [u0]": 0.020186465233564377, "root mean squared error [u298]": 0.020186031237244606, "root mean squared error [h298]": 0.020185599103569984, "root mean squared error [g298]": 0.020186271518468857, "root mean squared error [cv]": 0.02984672412276268}