{"mean absolute error [mu]": 0.01818561926484108, "mean absolute error [alpha]": 0.003614164888858795, "mean absolute error [homo]": 0.014233282767236233, "mean absolute error [lumo]": 0.014875229448080063, "mean absolute error [gap]": 0.011783954687416553, "mean absolute error [r2]": 0.011724354699254036, "mean absolute error [zpve]": 0.003937607165426016, "mean absolute error [u0]": 0.0010674172081053257, "mean absolute error [u298]": 0.0010766728082671762, "mean absolute error [h298]": 0.0011068418389186263, "mean absolute error [g298]": 0.0010855108266696334, "mean absolute error [cv]": 0.007010866422206163, "root mean squared error [mu]": 0.024580437690019608, "root mean squared error [alpha]": 0.005005760584026575, "root mean squared error [homo]": 0.018700571730732918, "root mean squared error [lumo]": 0.019950857385993004, "root mean squared error [gap]": 0.01565883867442608, "root mean squared error [r2]": 0.016073904931545258, "root mean squared error [zpve]": 0.005465226247906685, "root mean squared error [u0]": 0.0014067841693758965, "root mean squared error [u298]": 0.001416016137227416, "root mean squared error [h298]": 0.0014530789339914918, "root mean squared error [g298]": 0.001428456511348486, "root mean squared error [cv]": 0.00925478059798479}