{"mean absolute error [mu]": 0.019067933782935143, "mean absolute error [alpha]": 0.0037172490265220404, "mean absolute error [homo]": 0.014866952784359455, "mean absolute error [lumo]": 0.015362504869699478, "mean absolute error [gap]": 0.012132406234741211, "mean absolute error [r2]": 0.012032785452902317, "mean absolute error [zpve]": 0.0039967200718820095, "mean absolute error [u0]": 0.001080514513887465, "mean absolute error [u298]": 0.0010881666094064713, "mean absolute error [h298]": 0.0011189315700903535, "mean absolute error [g298]": 0.001097787288017571, "mean absolute error [cv]": 0.007127946242690086, "root mean squared error [mu]": 0.026330649852752686, "root mean squared error [alpha]": 0.005432269535958767, "root mean squared error [homo]": 0.0201570987701416, "root mean squared error [lumo]": 0.021026020869612694, "root mean squared error [gap]": 0.01654021255671978, "root mean squared error [r2]": 0.016687603667378426, "root mean squared error [zpve]": 0.0057445853017270565, "root mean squared error [u0]": 0.001433366327546537, "root mean squared error [u298]": 0.0014403322711586952, "root mean squared error [h298]": 0.00147648632992059, "root mean squared error [g298]": 0.0014532440109178424, "root mean squared error [cv]": 0.009373373351991177}