{"mean absolute error [mu]": 0.01897621341049671, "mean absolute error [alpha]": 0.00360559462569654, "mean absolute error [homo]": 0.014660677872598171, "mean absolute error [lumo]": 0.015370041131973267, "mean absolute error [gap]": 0.012355372309684753, "mean absolute error [r2]": 0.011885895393788815, "mean absolute error [zpve]": 0.00395610649138689, "mean absolute error [u0]": 0.0010940006468445063, "mean absolute error [u298]": 0.0011033291229978204, "mean absolute error [h298]": 0.001133283250965178, "mean absolute error [g298]": 0.0011119544506072998, "mean absolute error [cv]": 0.007009480148553848, "root mean squared error [mu]": 0.02592526003718376, "root mean squared error [alpha]": 0.004888215102255344, "root mean squared error [homo]": 0.01957673393189907, "root mean squared error [lumo]": 0.021304896101355553, "root mean squared error [gap]": 0.01685340330004692, "root mean squared error [r2]": 0.016228510066866875, "root mean squared error [zpve]": 0.005695112980902195, "root mean squared error [u0]": 0.0014456273056566715, "root mean squared error [u298]": 0.001456554397009313, "root mean squared error [h298]": 0.001493709278292954, "root mean squared error [g298]": 0.0014668065123260021, "root mean squared error [cv]": 0.009236925281584263}