{"mean absolute error [mu]": 0.01849483698606491, "mean absolute error [alpha]": 0.0033334572799503803, "mean absolute error [homo]": 0.01462875958532095, "mean absolute error [lumo]": 0.0158405601978302, "mean absolute error [gap]": 0.012000001035630703, "mean absolute error [r2]": 0.011115899309515953, "mean absolute error [zpve]": 0.007108605001121759, "mean absolute error [u0]": 0.0024456181563436985, "mean absolute error [u298]": 0.0024456544779241085, "mean absolute error [h298]": 0.0024456586688756943, "mean absolute error [g298]": 0.0024455420207232237, "mean absolute error [cv]": 0.007165397051721811, "root mean squared error [mu]": 0.024987071752548218, "root mean squared error [alpha]": 0.004990708082914352, "root mean squared error [homo]": 0.019119152799248695, "root mean squared error [lumo]": 0.021608779206871986, "root mean squared error [gap]": 0.01615787483751774, "root mean squared error [r2]": 0.015486477874219418, "root mean squared error [zpve]": 0.008850181475281715, "root mean squared error [u0]": 0.00306434603407979, "root mean squared error [u298]": 0.0030643753707408905, "root mean squared error [h298]": 0.0030643793288618326, "root mean squared error [g298]": 0.0030642736237496138, "root mean squared error [cv]": 0.009395950473845005}