{"mean absolute error [mu]": 0.01924249902367592, "mean absolute error [alpha]": 0.0034447917714715004, "mean absolute error [homo]": 0.015216454863548279, "mean absolute error [lumo]": 0.01631382666528225, "mean absolute error [gap]": 0.012416203506290913, "mean absolute error [r2]": 0.011367367580533028, "mean absolute error [zpve]": 0.0071862624026834965, "mean absolute error [u0]": 0.002467499114573002, "mean absolute error [u298]": 0.0024675370659679174, "mean absolute error [h298]": 0.0024675417225807905, "mean absolute error [g298]": 0.0024674206506460905, "mean absolute error [cv]": 0.007271247915923595, "root mean squared error [mu]": 0.02634069137275219, "root mean squared error [alpha]": 0.005388779565691948, "root mean squared error [homo]": 0.020195001736283302, "root mean squared error [lumo]": 0.02271725982427597, "root mean squared error [gap]": 0.017071375623345375, "root mean squared error [r2]": 0.01609807088971138, "root mean squared error [zpve]": 0.009114242158830166, "root mean squared error [u0]": 0.003110337071120739, "root mean squared error [u298]": 0.003110369900241494, "root mean squared error [h298]": 0.0031103731598705053, "root mean squared error [g298]": 0.0031102451030164957, "root mean squared error [cv]": 0.009565812535583973}