{"mean absolute error [mu]": 0.019100628793239594, "mean absolute error [alpha]": 0.003300611162558198, "mean absolute error [homo]": 0.015055656433105469, "mean absolute error [lumo]": 0.016374247148633003, "mean absolute error [gap]": 0.012585383839905262, "mean absolute error [r2]": 0.011366327293217182, "mean absolute error [zpve]": 0.007193960715085268, "mean absolute error [u0]": 0.002444456098601222, "mean absolute error [u298]": 0.0024444926530122757, "mean absolute error [h298]": 0.002444495912641287, "mean absolute error [g298]": 0.002444385550916195, "mean absolute error [cv]": 0.007203481160104275, "root mean squared error [mu]": 0.026101399213075638, "root mean squared error [alpha]": 0.004676991142332554, "root mean squared error [homo]": 0.019878573715686798, "root mean squared error [lumo]": 0.023054074496030807, "root mean squared error [gap]": 0.01727382466197014, "root mean squared error [r2]": 0.01589927449822426, "root mean squared error [zpve]": 0.009099367074668407, "root mean squared error [u0]": 0.0030854190699756145, "root mean squared error [u298]": 0.0030854458454996347, "root mean squared error [h298]": 0.003085449105128646, "root mean squared error [g298]": 0.003085358999669552, "root mean squared error [cv]": 0.009484678506851196}