{"mean absolute error [mu]": 0.023331519216299057, "mean absolute error [alpha]": 0.011926473118364811, "mean absolute error [homo]": 0.018970733508467674, "mean absolute error [lumo]": 0.021058768033981323, "mean absolute error [gap]": 0.01690143346786499, "mean absolute error [r2]": 0.022200079634785652, "mean absolute error [zpve]": 0.02034810185432434, "mean absolute error [u0]": 0.017168233171105385, "mean absolute error [u298]": 0.017171548679471016, "mean absolute error [h298]": 0.017176181077957153, "mean absolute error [g298]": 0.017173847183585167, "mean absolute error [cv]": 0.02479821816086769, "root mean squared error [mu]": 0.030937833711504936, "root mean squared error [alpha]": 0.01873420923948288, "root mean squared error [homo]": 0.025333989411592484, "root mean squared error [lumo]": 0.02933691069483757, "root mean squared error [gap]": 0.022826632484793663, "root mean squared error [r2]": 0.033600106835365295, "root mean squared error [zpve]": 0.03135710582137108, "root mean squared error [u0]": 0.027016932144761086, "root mean squared error [u298]": 0.027016831561923027, "root mean squared error [h298]": 0.027017520740628242, "root mean squared error [g298]": 0.02701754681766033, "root mean squared error [cv]": 0.03858181834220886}