{"mean absolute error [mu]": 0.02204793691635132, "mean absolute error [alpha]": 0.011312597431242466, "mean absolute error [homo]": 0.018001465126872063, "mean absolute error [lumo]": 0.019694708287715912, "mean absolute error [gap]": 0.015746697783470154, "mean absolute error [r2]": 0.021055737510323524, "mean absolute error [zpve]": 0.01938161626458168, "mean absolute error [u0]": 0.01618177630007267, "mean absolute error [u298]": 0.01618499681353569, "mean absolute error [h298]": 0.01618953049182892, "mean absolute error [g298]": 0.01618724688887596, "mean absolute error [cv]": 0.02353242225944996, "root mean squared error [mu]": 0.02930881269276142, "root mean squared error [alpha]": 0.017747553065419197, "root mean squared error [homo]": 0.023931745439767838, "root mean squared error [lumo]": 0.027147529646754265, "root mean squared error [gap]": 0.021274138242006302, "root mean squared error [r2]": 0.03151357173919678, "root mean squared error [zpve]": 0.029990866780281067, "root mean squared error [u0]": 0.02541816048324108, "root mean squared error [u298]": 0.025418100878596306, "root mean squared error [h298]": 0.025418812409043312, "root mean squared error [g298]": 0.02541876956820488, "root mean squared error [cv]": 0.036396272480487823}