{"mean absolute error [mu]": 0.023475203663110733, "mean absolute error [alpha]": 0.012040688656270504, "mean absolute error [homo]": 0.018879471346735954, "mean absolute error [lumo]": 0.021056722849607468, "mean absolute error [gap]": 0.016696633771061897, "mean absolute error [r2]": 0.02232508547604084, "mean absolute error [zpve]": 0.020491277799010277, "mean absolute error [u0]": 0.017416205257177353, "mean absolute error [u298]": 0.017419369891285896, "mean absolute error [h298]": 0.017423782497644424, "mean absolute error [g298]": 0.017421606928110123, "mean absolute error [cv]": 0.025088829919695854, "root mean squared error [mu]": 0.03146825730800629, "root mean squared error [alpha]": 0.018840083852410316, "root mean squared error [homo]": 0.02512548491358757, "root mean squared error [lumo]": 0.028867531567811966, "root mean squared error [gap]": 0.022347992286086082, "root mean squared error [r2]": 0.03335745260119438, "root mean squared error [zpve]": 0.031788211315870285, "root mean squared error [u0]": 0.027225075289607048, "root mean squared error [u298]": 0.027224892750382423, "root mean squared error [h298]": 0.02722547948360443, "root mean squared error [g298]": 0.027225568890571594, "root mean squared error [cv]": 0.038873862475156784}