{"mean absolute error [mu]": 0.021540554240345955, "mean absolute error [alpha]": 0.009778808802366257, "mean absolute error [homo]": 0.01497352123260498, "mean absolute error [lumo]": 0.018199501559138298, "mean absolute error [gap]": 0.014070921577513218, "mean absolute error [r2]": 0.018822668120265007, "mean absolute error [zpve]": 0.016742559149861336, "mean absolute error [u0]": 0.013528881594538689, "mean absolute error [u298]": 0.013528706505894661, "mean absolute error [h298]": 0.013528709299862385, "mean absolute error [g298]": 0.013528496026992798, "mean absolute error [cv]": 0.020187754184007645, "root mean squared error [mu]": 0.028682684525847435, "root mean squared error [alpha]": 0.01467539370059967, "root mean squared error [homo]": 0.01981215924024582, "root mean squared error [lumo]": 0.024978376924991608, "root mean squared error [gap]": 0.018796438351273537, "root mean squared error [r2]": 0.026830891147255898, "root mean squared error [zpve]": 0.024603452533483505, "root mean squared error [u0]": 0.020452678203582764, "root mean squared error [u298]": 0.020451737567782402, "root mean squared error [h298]": 0.020452415570616722, "root mean squared error [g298]": 0.020452797412872314, "root mean squared error [cv]": 0.030090700834989548}