{"mean absolute error [mu]": 0.018829839304089546, "mean absolute error [alpha]": 0.008294302970170975, "mean absolute error [homo]": 0.013673483394086361, "mean absolute error [lumo]": 0.01659657247364521, "mean absolute error [gap]": 0.012558184564113617, "mean absolute error [r2]": 0.016329893842339516, "mean absolute error [zpve]": 0.01464096363633871, "mean absolute error [u0]": 0.011230036616325378, "mean absolute error [u298]": 0.011229727417230606, "mean absolute error [h298]": 0.011229884810745716, "mean absolute error [g298]": 0.011229685507714748, "mean absolute error [cv]": 0.017027784138917923, "root mean squared error [mu]": 0.02498857118189335, "root mean squared error [alpha]": 0.01221538707613945, "root mean squared error [homo]": 0.018083564937114716, "root mean squared error [lumo]": 0.02235715463757515, "root mean squared error [gap]": 0.016679072752594948, "root mean squared error [r2]": 0.022895894944667816, "root mean squared error [zpve]": 0.021170800551772118, "root mean squared error [u0]": 0.016709566116333008, "root mean squared error [u298]": 0.016708575189113617, "root mean squared error [h298]": 0.016709333285689354, "root mean squared error [g298]": 0.016709642484784126, "root mean squared error [cv]": 0.02483447827398777}