{"mean absolute error [mu]": 0.02129354327917099, "mean absolute error [alpha]": 0.009542682208120823, "mean absolute error [homo]": 0.015151184052228928, "mean absolute error [lumo]": 0.018186770379543304, "mean absolute error [gap]": 0.0141470767557621, "mean absolute error [r2]": 0.018500903621315956, "mean absolute error [zpve]": 0.016327407211065292, "mean absolute error [u0]": 0.013193362392485142, "mean absolute error [u298]": 0.01319320872426033, "mean absolute error [h298]": 0.013193176127970219, "mean absolute error [g298]": 0.013192973099648952, "mean absolute error [cv]": 0.01955878548324108, "root mean squared error [mu]": 0.028269262984395027, "root mean squared error [alpha]": 0.01416516862809658, "root mean squared error [homo]": 0.020135795697569847, "root mean squared error [lumo]": 0.024818776175379753, "root mean squared error [gap]": 0.01888476125895977, "root mean squared error [r2]": 0.026468899101018906, "root mean squared error [zpve]": 0.02368096634745598, "root mean squared error [u0]": 0.01995939202606678, "root mean squared error [u298]": 0.019958507269620895, "root mean squared error [h298]": 0.01995912939310074, "root mean squared error [g298]": 0.01995946280658245, "root mean squared error [cv]": 0.02891622856259346}