{"mean absolute error [mu]": 0.019258340820670128, "mean absolute error [alpha]": 0.0031387691851705313, "mean absolute error [homo]": 0.015452421270310879, "mean absolute error [lumo]": 0.0161112230271101, "mean absolute error [gap]": 0.012842657044529915, "mean absolute error [r2]": 0.012104309163987637, "mean absolute error [zpve]": 0.005363591015338898, "mean absolute error [u0]": 0.0016231935005635023, "mean absolute error [u298]": 0.0016233549686148763, "mean absolute error [h298]": 0.0016231551999226213, "mean absolute error [g298]": 0.0016233428614214063, "mean absolute error [cv]": 0.007559549063444138, "root mean squared error [mu]": 0.026334211230278015, "root mean squared error [alpha]": 0.004609646275639534, "root mean squared error [homo]": 0.020930271595716476, "root mean squared error [lumo]": 0.02304900251328945, "root mean squared error [gap]": 0.017996646463871002, "root mean squared error [r2]": 0.016470924019813538, "root mean squared error [zpve]": 0.008252509869635105, "root mean squared error [u0]": 0.0022035487927496433, "root mean squared error [u298]": 0.002203785814344883, "root mean squared error [h298]": 0.002203501993790269, "root mean squared error [g298]": 0.0022037827875465155, "root mean squared error [cv]": 0.010327650234103203}