{"mean absolute error [mu]": 0.01850789226591587, "mean absolute error [alpha]": 0.003132276237010956, "mean absolute error [homo]": 0.015017512254416943, "mean absolute error [lumo]": 0.015738923102617264, "mean absolute error [gap]": 0.012348613701760769, "mean absolute error [r2]": 0.0118545638397336, "mean absolute error [zpve]": 0.005351123865693808, "mean absolute error [u0]": 0.0016078031621873379, "mean absolute error [u298]": 0.0016079816268756986, "mean absolute error [h298]": 0.0016077621839940548, "mean absolute error [g298]": 0.0016079731285572052, "mean absolute error [cv]": 0.007428443059325218, "root mean squared error [mu]": 0.025080345571041107, "root mean squared error [alpha]": 0.004752353765070438, "root mean squared error [homo]": 0.02000095322728157, "root mean squared error [lumo]": 0.022098852321505547, "root mean squared error [gap]": 0.017181947827339172, "root mean squared error [r2]": 0.016276920214295387, "root mean squared error [zpve]": 0.007959715090692043, "root mean squared error [u0]": 0.0021379755344241858, "root mean squared error [u298]": 0.0021382030099630356, "root mean squared error [h298]": 0.002137921517714858, "root mean squared error [g298]": 0.00213820138014853, "root mean squared error [cv]": 0.010000503621995449}