{"mean absolute error [mu]": 0.01927863247692585, "mean absolute error [alpha]": 0.0032660537399351597, "mean absolute error [homo]": 0.015694351866841316, "mean absolute error [lumo]": 0.01610795222222805, "mean absolute error [gap]": 0.01279460545629263, "mean absolute error [r2]": 0.0122447544708848, "mean absolute error [zpve]": 0.005403732415288687, "mean absolute error [u0]": 0.001620521186850965, "mean absolute error [u298]": 0.0016207258449867368, "mean absolute error [h298]": 0.0016204838175326586, "mean absolute error [g298]": 0.0016206905711442232, "mean absolute error [cv]": 0.007575921714305878, "root mean squared error [mu]": 0.026437075808644295, "root mean squared error [alpha]": 0.00518431980162859, "root mean squared error [homo]": 0.021081730723381042, "root mean squared error [lumo]": 0.022770820185542107, "root mean squared error [gap]": 0.01783446967601776, "root mean squared error [r2]": 0.017039554193615913, "root mean squared error [zpve]": 0.008215546607971191, "root mean squared error [u0]": 0.0021628527902066708, "root mean squared error [u298]": 0.002163132419809699, "root mean squared error [h298]": 0.002162802731618285, "root mean squared error [g298]": 0.0021631144918501377, "root mean squared error [cv]": 0.01030612364411354}