{"mean absolute error [mu]": 0.01975816674530506, "mean absolute error [alpha]": 0.004287872929126024, "mean absolute error [homo]": 0.015288790687918663, "mean absolute error [lumo]": 0.015994608402252197, "mean absolute error [gap]": 0.012581730261445045, "mean absolute error [r2]": 0.0120730921626091, "mean absolute error [zpve]": 0.004421462304890156, "mean absolute error [u0]": 0.0009920526063069701, "mean absolute error [u298]": 0.000997291412204504, "mean absolute error [h298]": 0.000992379616945982, "mean absolute error [g298]": 0.000977136893197894, "mean absolute error [cv]": 0.007639913819730282, "root mean squared error [mu]": 0.027025198563933372, "root mean squared error [alpha]": 0.00624819565564394, "root mean squared error [homo]": 0.020638102665543556, "root mean squared error [lumo]": 0.022686289623379707, "root mean squared error [gap]": 0.01746704801917076, "root mean squared error [r2]": 0.01673516444861889, "root mean squared error [zpve]": 0.007166904862970114, "root mean squared error [u0]": 0.0013218377716839314, "root mean squared error [u298]": 0.0013282021973282099, "root mean squared error [h298]": 0.0013223659479990602, "root mean squared error [g298]": 0.001305305166170001, "root mean squared error [cv]": 0.0102129727602005}