{"mean absolute error [mu]": 0.019851095974445343, "mean absolute error [alpha]": 0.004245638847351074, "mean absolute error [homo]": 0.015126163139939308, "mean absolute error [lumo]": 0.016054200008511543, "mean absolute error [gap]": 0.012842976488173008, "mean absolute error [r2]": 0.011994036845862865, "mean absolute error [zpve]": 0.004554863087832928, "mean absolute error [u0]": 0.000990687170997262, "mean absolute error [u298]": 0.0009957881411537528, "mean absolute error [h298]": 0.0009908281499519944, "mean absolute error [g298]": 0.0009778471430763602, "mean absolute error [cv]": 0.007800200488418341, "root mean squared error [mu]": 0.026919886469841003, "root mean squared error [alpha]": 0.005818061996251345, "root mean squared error [homo]": 0.020510146394371986, "root mean squared error [lumo]": 0.02294616959989071, "root mean squared error [gap]": 0.017983930185437202, "root mean squared error [r2]": 0.016538435593247414, "root mean squared error [zpve]": 0.0073338523507118225, "root mean squared error [u0]": 0.0013133743777871132, "root mean squared error [u298]": 0.0013208314776420593, "root mean squared error [h298]": 0.0013143550604581833, "root mean squared error [g298]": 0.0012974630808457732, "root mean squared error [cv]": 0.010425588116049767}