{"mean absolute error [mu]": 0.0188435111194849, "mean absolute error [alpha]": 0.004230203106999397, "mean absolute error [homo]": 0.014672614634037018, "mean absolute error [lumo]": 0.015458905138075352, "mean absolute error [gap]": 0.012243046425282955, "mean absolute error [r2]": 0.011734215542674065, "mean absolute error [zpve]": 0.0044448114931583405, "mean absolute error [u0]": 0.0009709781152196229, "mean absolute error [u298]": 0.0009759324602782726, "mean absolute error [h298]": 0.0009722132817842066, "mean absolute error [g298]": 0.0009584801155142486, "mean absolute error [cv]": 0.00758160836994648, "root mean squared error [mu]": 0.025328198447823524, "root mean squared error [alpha]": 0.00585073372349143, "root mean squared error [homo]": 0.019583936780691147, "root mean squared error [lumo]": 0.02175886742770672, "root mean squared error [gap]": 0.016978904604911804, "root mean squared error [r2]": 0.01615460030734539, "root mean squared error [zpve]": 0.007030300330370665, "root mean squared error [u0]": 0.0012920995941385627, "root mean squared error [u298]": 0.001298790331929922, "root mean squared error [h298]": 0.0012944218469783664, "root mean squared error [g298]": 0.0012773819034919143, "root mean squared error [cv]": 0.0100836968049407}