{"mean absolute error [mu]": 0.01856730505824089, "mean absolute error [alpha]": 0.004107754677534103, "mean absolute error [homo]": 0.015630731359124184, "mean absolute error [lumo]": 0.015787484124302864, "mean absolute error [gap]": 0.012760629877448082, "mean absolute error [r2]": 0.012881100177764893, "mean absolute error [zpve]": 0.0062976074405014515, "mean absolute error [u0]": 0.0032782095950096846, "mean absolute error [u298]": 0.003278278047218919, "mean absolute error [h298]": 0.003277879673987627, "mean absolute error [g298]": 0.0032778705935925245, "mean absolute error [cv]": 0.008406887762248516, "root mean squared error [mu]": 0.02560420334339142, "root mean squared error [alpha]": 0.0059531196020543575, "root mean squared error [homo]": 0.02108597941696644, "root mean squared error [lumo]": 0.02236456423997879, "root mean squared error [gap]": 0.01773766800761223, "root mean squared error [r2]": 0.017659666016697884, "root mean squared error [zpve]": 0.009082562290132046, "root mean squared error [u0]": 0.004062558524310589, "root mean squared error [u298]": 0.004062645602971315, "root mean squared error [h298]": 0.004062172491103411, "root mean squared error [g298]": 0.004062144551426172, "root mean squared error [cv]": 0.011123549193143845}