{"mean absolute error [mu]": 0.018800733610987663, "mean absolute error [alpha]": 0.00410378398373723, "mean absolute error [homo]": 0.01547078974545002, "mean absolute error [lumo]": 0.01592789962887764, "mean absolute error [gap]": 0.012675995007157326, "mean absolute error [r2]": 0.012732976116240025, "mean absolute error [zpve]": 0.006366592366248369, "mean absolute error [u0]": 0.0032645377796143293, "mean absolute error [u298]": 0.003264600643888116, "mean absolute error [h298]": 0.0032642357982695103, "mean absolute error [g298]": 0.003264220431447029, "mean absolute error [cv]": 0.00847680028527975, "root mean squared error [mu]": 0.025791380554437637, "root mean squared error [alpha]": 0.005529199726879597, "root mean squared error [homo]": 0.021455515176057816, "root mean squared error [lumo]": 0.022747624665498734, "root mean squared error [gap]": 0.01753934659063816, "root mean squared error [r2]": 0.017318854108452797, "root mean squared error [zpve]": 0.009352296590805054, "root mean squared error [u0]": 0.004028932191431522, "root mean squared error [u298]": 0.0040290202014148235, "root mean squared error [h298]": 0.004028565715998411, "root mean squared error [g298]": 0.004028514958918095, "root mean squared error [cv]": 0.011232499033212662}