{"mean absolute error [mu]": 0.01758691482245922, "mean absolute error [alpha]": 0.0040473006665706635, "mean absolute error [homo]": 0.014926902949810028, "mean absolute error [lumo]": 0.015310411341488361, "mean absolute error [gap]": 0.01222136989235878, "mean absolute error [r2]": 0.01244209986180067, "mean absolute error [zpve]": 0.006227778270840645, "mean absolute error [u0]": 0.0032040535006672144, "mean absolute error [u298]": 0.003204109612852335, "mean absolute error [h298]": 0.0032037633936852217, "mean absolute error [g298]": 0.003203765721991658, "mean absolute error [cv]": 0.008308165706694126, "root mean squared error [mu]": 0.023717474192380905, "root mean squared error [alpha]": 0.005593668203800917, "root mean squared error [homo]": 0.019749930128455162, "root mean squared error [lumo]": 0.021564872935414314, "root mean squared error [gap]": 0.016922976821660995, "root mean squared error [r2]": 0.016955330967903137, "root mean squared error [zpve]": 0.008745690807700157, "root mean squared error [u0]": 0.003953331150114536, "root mean squared error [u298]": 0.0039534131065011024, "root mean squared error [h298]": 0.003952977247536182, "root mean squared error [g298]": 0.003952945116907358, "root mean squared error [cv]": 0.010886134579777718}