{"mean absolute error [mu]": 0.018237413838505745, "mean absolute error [alpha]": 0.0040533170104026794, "mean absolute error [homo]": 0.015837647020816803, "mean absolute error [lumo]": 0.018956104293465614, "mean absolute error [gap]": 0.013883301056921482, "mean absolute error [r2]": 0.0123392753303051, "mean absolute error [zpve]": 0.005252343136817217, "mean absolute error [u0]": 0.003492875723168254, "mean absolute error [u298]": 0.0035042495001107454, "mean absolute error [h298]": 0.0035400523338466883, "mean absolute error [g298]": 0.0035065726842731237, "mean absolute error [cv]": 0.008314048871397972, "root mean squared error [mu]": 0.02537360042333603, "root mean squared error [alpha]": 0.006056082900613546, "root mean squared error [homo]": 0.021141743287444115, "root mean squared error [lumo]": 0.025267254561185837, "root mean squared error [gap]": 0.018582342192530632, "root mean squared error [r2]": 0.017043905332684517, "root mean squared error [zpve]": 0.008116242475807667, "root mean squared error [u0]": 0.004819843452423811, "root mean squared error [u298]": 0.004832657054066658, "root mean squared error [h298]": 0.004871619399636984, "root mean squared error [g298]": 0.0048260074108839035, "root mean squared error [cv]": 0.011439950205385685}