{"mean absolute error [mu]": 0.017031492665410042, "mean absolute error [alpha]": 0.0038842547219246626, "mean absolute error [homo]": 0.014948255382478237, "mean absolute error [lumo]": 0.018592949956655502, "mean absolute error [gap]": 0.013450827449560165, "mean absolute error [r2]": 0.012045174837112427, "mean absolute error [zpve]": 0.00513469148427248, "mean absolute error [u0]": 0.003366732271388173, "mean absolute error [u298]": 0.003378848312422633, "mean absolute error [h298]": 0.003413115395233035, "mean absolute error [g298]": 0.0033815735951066017, "mean absolute error [cv]": 0.008144871331751347, "root mean squared error [mu]": 0.023161645978689194, "root mean squared error [alpha]": 0.005591613706201315, "root mean squared error [homo]": 0.019740726798772812, "root mean squared error [lumo]": 0.024712679907679558, "root mean squared error [gap]": 0.017998170107603073, "root mean squared error [r2]": 0.016354504972696304, "root mean squared error [zpve]": 0.00778628047555685, "root mean squared error [u0]": 0.004538738168776035, "root mean squared error [u298]": 0.004551475401967764, "root mean squared error [h298]": 0.004589231219142675, "root mean squared error [g298]": 0.004548150580376387, "root mean squared error [cv]": 0.010946187190711498}