{"mean absolute error [mu]": 0.018131598830223083, "mean absolute error [alpha]": 0.004032461438328028, "mean absolute error [homo]": 0.015614165924489498, "mean absolute error [lumo]": 0.019112076610326767, "mean absolute error [gap]": 0.013995788991451263, "mean absolute error [r2]": 0.012487584725022316, "mean absolute error [zpve]": 0.005232179071754217, "mean absolute error [u0]": 0.003508202265948057, "mean absolute error [u298]": 0.0035204330924898386, "mean absolute error [h298]": 0.0035563847050070763, "mean absolute error [g298]": 0.0035223346203565598, "mean absolute error [cv]": 0.008280182257294655, "root mean squared error [mu]": 0.02506139874458313, "root mean squared error [alpha]": 0.005723484326153994, "root mean squared error [homo]": 0.02113032527267933, "root mean squared error [lumo]": 0.025482412427663803, "root mean squared error [gap]": 0.018794052302837372, "root mean squared error [r2]": 0.016939910128712654, "root mean squared error [zpve]": 0.008154135197401047, "root mean squared error [u0]": 0.00481429835781455, "root mean squared error [u298]": 0.004829956218600273, "root mean squared error [h298]": 0.004867933224886656, "root mean squared error [g298]": 0.004822147078812122, "root mean squared error [cv]": 0.011365258134901524}