{"mean absolute error [mu]": 0.01947288028895855, "mean absolute error [alpha]": 0.003409569850191474, "mean absolute error [homo]": 0.01596878096461296, "mean absolute error [lumo]": 0.016087114810943604, "mean absolute error [gap]": 0.012912683188915253, "mean absolute error [r2]": 0.01235221792012453, "mean absolute error [zpve]": 0.00662628561258316, "mean absolute error [u0]": 0.001564729493111372, "mean absolute error [u298]": 0.0015647271648049355, "mean absolute error [h298]": 0.0015647229738533497, "mean absolute error [g298]": 0.0015646973624825478, "mean absolute error [cv]": 0.007815747521817684, "root mean squared error [mu]": 0.026687627658247948, "root mean squared error [alpha]": 0.005317229311913252, "root mean squared error [homo]": 0.021648075431585312, "root mean squared error [lumo]": 0.02284959889948368, "root mean squared error [gap]": 0.018011029809713364, "root mean squared error [r2]": 0.01716473326086998, "root mean squared error [zpve]": 0.00935294572263956, "root mean squared error [u0]": 0.0020621262956410646, "root mean squared error [u298]": 0.002062122104689479, "root mean squared error [h298]": 0.0020621148869395256, "root mean squared error [g298]": 0.0020620995201170444, "root mean squared error [cv]": 0.010643175803124905}