{"mean absolute error [mu]": 0.019635744392871857, "mean absolute error [alpha]": 0.003320060670375824, "mean absolute error [homo]": 0.01593642309308052, "mean absolute error [lumo]": 0.016229236498475075, "mean absolute error [gap]": 0.013158420100808144, "mean absolute error [r2]": 0.012215991504490376, "mean absolute error [zpve]": 0.006662625353783369, "mean absolute error [u0]": 0.0015755266649648547, "mean absolute error [u298]": 0.0015755229396745563, "mean absolute error [h298]": 0.0015755192143842578, "mean absolute error [g298]": 0.001575502916239202, "mean absolute error [cv]": 0.007745277602225542, "root mean squared error [mu]": 0.026799311861395836, "root mean squared error [alpha]": 0.00477274926379323, "root mean squared error [homo]": 0.021569855511188507, "root mean squared error [lumo]": 0.023117156699299812, "root mean squared error [gap]": 0.018411194905638695, "root mean squared error [r2]": 0.01667524129152298, "root mean squared error [zpve]": 0.009365576319396496, "root mean squared error [u0]": 0.002089069224894047, "root mean squared error [u298]": 0.0020890601444989443, "root mean squared error [h298]": 0.0020890538580715656, "root mean squared error [g298]": 0.0020890578161925077, "root mean squared error [cv]": 0.010602602735161781}