{"mean absolute error [mu]": 0.018697846680879593, "mean absolute error [alpha]": 0.0032903982792049646, "mean absolute error [homo]": 0.015453357249498367, "mean absolute error [lumo]": 0.01578008010983467, "mean absolute error [gap]": 0.012600203044712543, "mean absolute error [r2]": 0.012024465017020702, "mean absolute error [zpve]": 0.0065412698313593864, "mean absolute error [u0]": 0.0015512631507590413, "mean absolute error [u298]": 0.0015512602403759956, "mean absolute error [h298]": 0.0015512562822550535, "mean absolute error [g298]": 0.0015512360259890556, "mean absolute error [cv]": 0.007647247519344091, "root mean squared error [mu]": 0.02523259073495865, "root mean squared error [alpha]": 0.004929858259856701, "root mean squared error [homo]": 0.020738283172249794, "root mean squared error [lumo]": 0.022380061447620392, "root mean squared error [gap]": 0.017564257606863976, "root mean squared error [r2]": 0.01646406017243862, "root mean squared error [zpve]": 0.009082085452973843, "root mean squared error [u0]": 0.0020417270716279745, "root mean squared error [u298]": 0.002041720785200596, "root mean squared error [h298]": 0.002041712636128068, "root mean squared error [g298]": 0.002041702391579747, "root mean squared error [cv]": 0.010358007624745369}