{"mean absolute error [mu]": 0.01727636530995369, "mean absolute error [alpha]": 0.0036704340018332005, "mean absolute error [homo]": 0.014510665088891983, "mean absolute error [lumo]": 0.016409164294600487, "mean absolute error [gap]": 0.012777713127434254, "mean absolute error [r2]": 0.011218964122235775, "mean absolute error [zpve]": 0.006308434996753931, "mean absolute error [u0]": 0.002316864440217614, "mean absolute error [u298]": 0.0023170076310634613, "mean absolute error [h298]": 0.0023171103093773127, "mean absolute error [g298]": 0.002316993661224842, "mean absolute error [cv]": 0.007967603392899036, "root mean squared error [mu]": 0.023538723587989807, "root mean squared error [alpha]": 0.005228087306022644, "root mean squared error [homo]": 0.0194039698690176, "root mean squared error [lumo]": 0.022700048983097076, "root mean squared error [gap]": 0.01757987216114998, "root mean squared error [r2]": 0.015581433661282063, "root mean squared error [zpve]": 0.008834668435156345, "root mean squared error [u0]": 0.002998558571562171, "root mean squared error [u298]": 0.0029987625312060118, "root mean squared error [h298]": 0.002998911077156663, "root mean squared error [g298]": 0.002998737618327141, "root mean squared error [cv]": 0.010532786138355732}