{"mean absolute error [mu]": 0.018277037888765335, "mean absolute error [alpha]": 0.00372208165936172, "mean absolute error [homo]": 0.015103393234312534, "mean absolute error [lumo]": 0.016964519396424294, "mean absolute error [gap]": 0.013264239765703678, "mean absolute error [r2]": 0.011512425728142262, "mean absolute error [zpve]": 0.006392808631062508, "mean absolute error [u0]": 0.002365828724578023, "mean absolute error [u298]": 0.0023659756407141685, "mean absolute error [h298]": 0.0023660813458263874, "mean absolute error [g298]": 0.0023659542202949524, "mean absolute error [cv]": 0.008153563365340233, "root mean squared error [mu]": 0.02533040940761566, "root mean squared error [alpha]": 0.005144473165273666, "root mean squared error [homo]": 0.020627237856388092, "root mean squared error [lumo]": 0.023734651505947113, "root mean squared error [gap]": 0.018325475975871086, "root mean squared error [r2]": 0.01596534438431263, "root mean squared error [zpve]": 0.00915583223104477, "root mean squared error [u0]": 0.003071424551308155, "root mean squared error [u298]": 0.0030716441106051207, "root mean squared error [h298]": 0.0030718015041202307, "root mean squared error [g298]": 0.0030715966131538153, "root mean squared error [cv]": 0.010915744118392467}