{"mean absolute error [mu]": 0.01823193021118641, "mean absolute error [alpha]": 0.00382318370975554, "mean absolute error [homo]": 0.015231017954647541, "mean absolute error [lumo]": 0.016906874254345894, "mean absolute error [gap]": 0.013303467072546482, "mean absolute error [r2]": 0.01154917199164629, "mean absolute error [zpve]": 0.006400018464773893, "mean absolute error [u0]": 0.002367262728512287, "mean absolute error [u298]": 0.0023674152325838804, "mean absolute error [h298]": 0.002367526525631547, "mean absolute error [g298]": 0.002367420354858041, "mean absolute error [cv]": 0.008244473487138748, "root mean squared error [mu]": 0.025351878255605698, "root mean squared error [alpha]": 0.005703162867575884, "root mean squared error [homo]": 0.02056003548204899, "root mean squared error [lumo]": 0.023487739264965057, "root mean squared error [gap]": 0.018369678407907486, "root mean squared error [r2]": 0.01622498221695423, "root mean squared error [zpve]": 0.009099339134991169, "root mean squared error [u0]": 0.0030993197578936815, "root mean squared error [u298]": 0.003099539317190647, "root mean squared error [h298]": 0.0030996999703347683, "root mean squared error [g298]": 0.003099524648860097, "root mean squared error [cv]": 0.010920094326138496}