{"mean absolute error [mu]": 0.018538596108555794, "mean absolute error [alpha]": 0.003724914975464344, "mean absolute error [homo]": 0.015102976001799107, "mean absolute error [lumo]": 0.01631479524075985, "mean absolute error [gap]": 0.012398036196827888, "mean absolute error [r2]": 0.011944827623665333, "mean absolute error [zpve]": 0.005776757374405861, "mean absolute error [u0]": 0.001654631458222866, "mean absolute error [u298]": 0.0016546185361221433, "mean absolute error [h298]": 0.001654616091400385, "mean absolute error [g298]": 0.0016546454280614853, "mean absolute error [cv]": 0.008338906802237034, "root mean squared error [mu]": 0.025081010535359383, "root mean squared error [alpha]": 0.005429406184703112, "root mean squared error [homo]": 0.019801096990704536, "root mean squared error [lumo]": 0.022091379389166832, "root mean squared error [gap]": 0.016635987907648087, "root mean squared error [r2]": 0.016421185806393623, "root mean squared error [zpve]": 0.007812810130417347, "root mean squared error [u0]": 0.002154447603970766, "root mean squared error [u298]": 0.002154442248865962, "root mean squared error [h298]": 0.002154436195269227, "root mean squared error [g298]": 0.0021544580813497305, "root mean squared error [cv]": 0.010850518941879272}