{"mean absolute error [mu]": 0.01923290081322193, "mean absolute error [alpha]": 0.0038176821544766426, "mean absolute error [homo]": 0.015597323887050152, "mean absolute error [lumo]": 0.0164358951151371, "mean absolute error [gap]": 0.012646977789700031, "mean absolute error [r2]": 0.012282395735383034, "mean absolute error [zpve]": 0.005790929310023785, "mean absolute error [u0]": 0.0016831367975100875, "mean absolute error [u298]": 0.001683119568042457, "mean absolute error [h298]": 0.0016831159591674805, "mean absolute error [g298]": 0.0016831584507599473, "mean absolute error [cv]": 0.00841306522488594, "root mean squared error [mu]": 0.026348121464252472, "root mean squared error [alpha]": 0.005896844435483217, "root mean squared error [homo]": 0.020675111562013626, "root mean squared error [lumo]": 0.02253669686615467, "root mean squared error [gap]": 0.017124582082033157, "root mean squared error [r2]": 0.01702962815761566, "root mean squared error [zpve]": 0.007973527535796165, "root mean squared error [u0]": 0.0022077998146414757, "root mean squared error [u298]": 0.002207792829722166, "root mean squared error [h298]": 0.0022077797912061214, "root mean squared error [g298]": 0.0022078256588429213, "root mean squared error [cv]": 0.01102116797119379}