{"mean absolute error [mu]": 0.01935916766524315, "mean absolute error [alpha]": 0.003731546690687537, "mean absolute error [homo]": 0.015677548944950104, "mean absolute error [lumo]": 0.01671014353632927, "mean absolute error [gap]": 0.01305245328694582, "mean absolute error [r2]": 0.012095753103494644, "mean absolute error [zpve]": 0.0058252764865756035, "mean absolute error [u0]": 0.0016495079034939408, "mean absolute error [u298]": 0.0016494995215907693, "mean absolute error [h298]": 0.001649498357437551, "mean absolute error [g298]": 0.001649512443691492, "mean absolute error [cv]": 0.008296072483062744, "root mean squared error [mu]": 0.02640683762729168, "root mean squared error [alpha]": 0.005274072289466858, "root mean squared error [homo]": 0.02080611325800419, "root mean squared error [lumo]": 0.023152930662035942, "root mean squared error [gap]": 0.017758969217538834, "root mean squared error [r2]": 0.016566749662160873, "root mean squared error [zpve]": 0.007949956692755222, "root mean squared error [u0]": 0.0021617577876895666, "root mean squared error [u298]": 0.002161756856366992, "root mean squared error [h298]": 0.0021617524325847626, "root mean squared error [g298]": 0.0021617563907057047, "root mean squared error [cv]": 0.010796812362968922}