{"mean absolute error [mu]": 0.022039340808987617, "mean absolute error [alpha]": 0.011660956777632236, "mean absolute error [homo]": 0.018117602914571762, "mean absolute error [lumo]": 0.01986469142138958, "mean absolute error [gap]": 0.015778962522745132, "mean absolute error [r2]": 0.021113842725753784, "mean absolute error [zpve]": 0.019780028611421585, "mean absolute error [u0]": 0.016213152557611465, "mean absolute error [u298]": 0.016206959262490273, "mean absolute error [h298]": 0.01621149480342865, "mean absolute error [g298]": 0.01620645634829998, "mean absolute error [cv]": 0.023617038503289223, "root mean squared error [mu]": 0.02930072508752346, "root mean squared error [alpha]": 0.01782507821917534, "root mean squared error [homo]": 0.024027366191148758, "root mean squared error [lumo]": 0.027283301576972008, "root mean squared error [gap]": 0.021328946575522423, "root mean squared error [r2]": 0.031638823449611664, "root mean squared error [zpve]": 0.030043328180909157, "root mean squared error [u0]": 0.02545654959976673, "root mean squared error [u298]": 0.025455588474869728, "root mean squared error [h298]": 0.025456324219703674, "root mean squared error [g298]": 0.025455987080931664, "root mean squared error [cv]": 0.03639674931764603}