{"mean absolute error [mu]": 0.02324748784303665, "mean absolute error [alpha]": 0.01226640585809946, "mean absolute error [homo]": 0.019060952588915825, "mean absolute error [lumo]": 0.021159179508686066, "mean absolute error [gap]": 0.01686146855354309, "mean absolute error [r2]": 0.022294487804174423, "mean absolute error [zpve]": 0.020642483606934547, "mean absolute error [u0]": 0.017213506624102592, "mean absolute error [u298]": 0.01720704883337021, "mean absolute error [h298]": 0.01721179112792015, "mean absolute error [g298]": 0.017206545919179916, "mean absolute error [cv]": 0.024822091683745384, "root mean squared error [mu]": 0.030907925218343735, "root mean squared error [alpha]": 0.018808918073773384, "root mean squared error [homo]": 0.025443531572818756, "root mean squared error [lumo]": 0.029385630041360855, "root mean squared error [gap]": 0.022845227271318436, "root mean squared error [r2]": 0.03375186771154404, "root mean squared error [zpve]": 0.03135618939995766, "root mean squared error [u0]": 0.027093246579170227, "root mean squared error [u298]": 0.027092227712273598, "root mean squared error [h298]": 0.027093028649687767, "root mean squared error [g298]": 0.027092669159173965, "root mean squared error [cv]": 0.03856158256530762}