{"mean absolute error [mu]": 0.023421335965394974, "mean absolute error [alpha]": 0.012397187761962414, "mean absolute error [homo]": 0.018875308334827423, "mean absolute error [lumo]": 0.020926058292388916, "mean absolute error [gap]": 0.016562752425670624, "mean absolute error [r2]": 0.022356802597641945, "mean absolute error [zpve]": 0.02075023204088211, "mean absolute error [u0]": 0.017377182841300964, "mean absolute error [u298]": 0.017371194437146187, "mean absolute error [h298]": 0.017375564202666283, "mean absolute error [g298]": 0.017370766028761864, "mean absolute error [cv]": 0.02511359006166458, "root mean squared error [mu]": 0.03143347054719925, "root mean squared error [alpha]": 0.018901655450463295, "root mean squared error [homo]": 0.02502533048391342, "root mean squared error [lumo]": 0.028689265251159668, "root mean squared error [gap]": 0.022247767075896263, "root mean squared error [r2]": 0.03345436230301857, "root mean squared error [zpve]": 0.03169551119208336, "root mean squared error [u0]": 0.027213390916585922, "root mean squared error [u298]": 0.027212530374526978, "root mean squared error [h298]": 0.02721320651471615, "root mean squared error [g298]": 0.027213016524910927, "root mean squared error [cv]": 0.03879280760884285}