{"mean absolute error [mu]": 0.018363891169428825, "mean absolute error [alpha]": 0.004476606845855713, "mean absolute error [homo]": 0.016681216657161713, "mean absolute error [lumo]": 0.018368564546108246, "mean absolute error [gap]": 0.014404012821614742, "mean absolute error [r2]": 0.013469360768795013, "mean absolute error [zpve]": 0.005376864690333605, "mean absolute error [u0]": 0.003963795490562916, "mean absolute error [u298]": 0.003970525227487087, "mean absolute error [h298]": 0.003968837205320597, "mean absolute error [g298]": 0.0039614541456103325, "mean absolute error [cv]": 0.008374429307878017, "root mean squared error [mu]": 0.02525118924677372, "root mean squared error [alpha]": 0.006457136478275061, "root mean squared error [homo]": 0.021991414949297905, "root mean squared error [lumo]": 0.02488846890628338, "root mean squared error [gap]": 0.019204944372177124, "root mean squared error [r2]": 0.018163995817303658, "root mean squared error [zpve]": 0.008376048877835274, "root mean squared error [u0]": 0.0055019729770720005, "root mean squared error [u298]": 0.005517350975424051, "root mean squared error [h298]": 0.005515832919627428, "root mean squared error [g298]": 0.005498232785612345, "root mean squared error [cv]": 0.011531343683600426}