{"mean absolute error [mu]": 0.018261048942804337, "mean absolute error [alpha]": 0.004450144246220589, "mean absolute error [homo]": 0.01625630259513855, "mean absolute error [lumo]": 0.018260668963193893, "mean absolute error [gap]": 0.014240031130611897, "mean absolute error [r2]": 0.013499444350600243, "mean absolute error [zpve]": 0.00546788377687335, "mean absolute error [u0]": 0.003922631964087486, "mean absolute error [u298]": 0.003928478807210922, "mean absolute error [h298]": 0.003926366101950407, "mean absolute error [g298]": 0.003919560927897692, "mean absolute error [cv]": 0.008347445167601109, "root mean squared error [mu]": 0.02490890584886074, "root mean squared error [alpha]": 0.006073351018130779, "root mean squared error [homo]": 0.02194434590637684, "root mean squared error [lumo]": 0.02478630840778351, "root mean squared error [gap]": 0.019084559753537178, "root mean squared error [r2]": 0.017770955339074135, "root mean squared error [zpve]": 0.008678133599460125, "root mean squared error [u0]": 0.00553321884945035, "root mean squared error [u298]": 0.005548158660531044, "root mean squared error [h298]": 0.005545456428080797, "root mean squared error [g298]": 0.005528550129383802, "root mean squared error [cv]": 0.011563192121684551}