{"mean absolute error [mu]": 0.017158664762973785, "mean absolute error [alpha]": 0.00430613337084651, "mean absolute error [homo]": 0.0157135222107172, "mean absolute error [lumo]": 0.017827212810516357, "mean absolute error [gap]": 0.0137709379196167, "mean absolute error [r2]": 0.013066256418824196, "mean absolute error [zpve]": 0.005275457166135311, "mean absolute error [u0]": 0.0037505284417420626, "mean absolute error [u298]": 0.003755784360691905, "mean absolute error [h298]": 0.0037541615311056376, "mean absolute error [g298]": 0.0037474900018423796, "mean absolute error [cv]": 0.008081539534032345, "root mean squared error [mu]": 0.023193057626485825, "root mean squared error [alpha]": 0.005935010500252247, "root mean squared error [homo]": 0.020512672141194344, "root mean squared error [lumo]": 0.024009637534618378, "root mean squared error [gap]": 0.018402110785245895, "root mean squared error [r2]": 0.017298340797424316, "root mean squared error [zpve]": 0.008045816794037819, "root mean squared error [u0]": 0.005100163631141186, "root mean squared error [u298]": 0.005113035906106234, "root mean squared error [h298]": 0.005111746955662966, "root mean squared error [g298]": 0.005095809698104858, "root mean squared error [cv]": 0.01089959405362606}