{"mean absolute error [mu]": 0.02206990122795105, "mean absolute error [alpha]": 0.011457345448434353, "mean absolute error [homo]": 0.018134765326976776, "mean absolute error [lumo]": 0.01965498737990856, "mean absolute error [gap]": 0.01572539657354355, "mean absolute error [r2]": 0.020821588113904, "mean absolute error [zpve]": 0.01937573403120041, "mean absolute error [u0]": 0.016101375222206116, "mean absolute error [u298]": 0.016100920736789703, "mean absolute error [h298]": 0.01610340178012848, "mean absolute error [g298]": 0.01609903573989868, "mean absolute error [cv]": 0.023004762828350067, "root mean squared error [mu]": 0.0293839480727911, "root mean squared error [alpha]": 0.01778366230428219, "root mean squared error [homo]": 0.024076266214251518, "root mean squared error [lumo]": 0.027074383571743965, "root mean squared error [gap]": 0.02125454694032669, "root mean squared error [r2]": 0.03159144148230553, "root mean squared error [zpve]": 0.030127162113785744, "root mean squared error [u0]": 0.025429658591747284, "root mean squared error [u298]": 0.02542915754020214, "root mean squared error [h298]": 0.02542938105762005, "root mean squared error [g298]": 0.02542968839406967, "root mean squared error [cv]": 0.036420173943042755}