{"mean absolute error [mu]": 0.02345358021557331, "mean absolute error [alpha]": 0.012053784914314747, "mean absolute error [homo]": 0.019130419939756393, "mean absolute error [lumo]": 0.021026186645030975, "mean absolute error [gap]": 0.01681983284652233, "mean absolute error [r2]": 0.021927913650870323, "mean absolute error [zpve]": 0.020340383052825928, "mean absolute error [u0]": 0.017087824642658234, "mean absolute error [u298]": 0.01708734780550003, "mean absolute error [h298]": 0.01708991639316082, "mean absolute error [g298]": 0.017085378989577293, "mean absolute error [cv]": 0.02420160546898842, "root mean squared error [mu]": 0.031075239181518555, "root mean squared error [alpha]": 0.01875796541571617, "root mean squared error [homo]": 0.02551637589931488, "root mean squared error [lumo]": 0.029261518269777298, "root mean squared error [gap]": 0.02280046045780182, "root mean squared error [r2]": 0.03364264592528343, "root mean squared error [zpve]": 0.03155976161360741, "root mean squared error [u0]": 0.027033589780330658, "root mean squared error [u298]": 0.027033016085624695, "root mean squared error [h298]": 0.02703326940536499, "root mean squared error [g298]": 0.027033597230911255, "root mean squared error [cv]": 0.03855713829398155}