{"mean absolute error [mu]": 0.023473719134926796, "mean absolute error [alpha]": 0.01221318170428276, "mean absolute error [homo]": 0.01896575838327408, "mean absolute error [lumo]": 0.020785627886652946, "mean absolute error [gap]": 0.016610275954008102, "mean absolute error [r2]": 0.02210407704114914, "mean absolute error [zpve]": 0.020445849746465683, "mean absolute error [u0]": 0.017297696322202682, "mean absolute error [u298]": 0.017297256737947464, "mean absolute error [h298]": 0.017299707978963852, "mean absolute error [g298]": 0.017295364290475845, "mean absolute error [cv]": 0.024556288495659828, "root mean squared error [mu]": 0.031527526676654816, "root mean squared error [alpha]": 0.018897391855716705, "root mean squared error [homo]": 0.02513173595070839, "root mean squared error [lumo]": 0.028538277372717857, "root mean squared error [gap]": 0.022288713604211807, "root mean squared error [r2]": 0.033526260405778885, "root mean squared error [zpve]": 0.03189319372177124, "root mean squared error [u0]": 0.027230653911828995, "root mean squared error [u298]": 0.02723017707467079, "root mean squared error [h298]": 0.02723032236099243, "root mean squared error [g298]": 0.02723075821995735, "root mean squared error [cv]": 0.03887660428881645}