{"mean absolute error [mu]": 0.021454257890582085, "mean absolute error [alpha]": 0.009507620707154274, "mean absolute error [homo]": 0.014903923496603966, "mean absolute error [lumo]": 0.01802138052880764, "mean absolute error [gap]": 0.013874233700335026, "mean absolute error [r2]": 0.017997294664382935, "mean absolute error [zpve]": 0.016969837248325348, "mean absolute error [u0]": 0.013162003830075264, "mean absolute error [u298]": 0.013161834329366684, "mean absolute error [h298]": 0.01316116377711296, "mean absolute error [g298]": 0.013161047361791134, "mean absolute error [cv]": 0.01986132748425007, "root mean squared error [mu]": 0.02893720753490925, "root mean squared error [alpha]": 0.014200872741639614, "root mean squared error [homo]": 0.0197133831679821, "root mean squared error [lumo]": 0.02473454549908638, "root mean squared error [gap]": 0.018605776131153107, "root mean squared error [r2]": 0.025731757283210754, "root mean squared error [zpve]": 0.02407377026975155, "root mean squared error [u0]": 0.01966678351163864, "root mean squared error [u298]": 0.01966649852693081, "root mean squared error [h298]": 0.0196666456758976, "root mean squared error [g298]": 0.019666945561766624, "root mean squared error [cv]": 0.028876984491944313}