{"mean absolute error [mu]": 0.018789518624544144, "mean absolute error [alpha]": 0.007899310439825058, "mean absolute error [homo]": 0.013474084436893463, "mean absolute error [lumo]": 0.016307856887578964, "mean absolute error [gap]": 0.012359975837171078, "mean absolute error [r2]": 0.015532984398305416, "mean absolute error [zpve]": 0.014735450968146324, "mean absolute error [u0]": 0.010700336657464504, "mean absolute error [u298]": 0.01070020254701376, "mean absolute error [h298]": 0.010699705220758915, "mean absolute error [g298]": 0.010699613951146603, "mean absolute error [cv]": 0.01662285625934601, "root mean squared error [mu]": 0.025044213980436325, "root mean squared error [alpha]": 0.011564897373318672, "root mean squared error [homo]": 0.01784546859562397, "root mean squared error [lumo]": 0.021923517808318138, "root mean squared error [gap]": 0.016422858461737633, "root mean squared error [r2]": 0.021801011636853218, "root mean squared error [zpve]": 0.02037813514471054, "root mean squared error [u0]": 0.015751013532280922, "root mean squared error [u298]": 0.015750793740153313, "root mean squared error [h298]": 0.015750985592603683, "root mean squared error [g298]": 0.015751197934150696, "root mean squared error [cv]": 0.02358519285917282}