{"mean absolute error [mu]": 0.021429574117064476, "mean absolute error [alpha]": 0.00932224839925766, "mean absolute error [homo]": 0.015204221941530704, "mean absolute error [lumo]": 0.01818368211388588, "mean absolute error [gap]": 0.014098530635237694, "mean absolute error [r2]": 0.018042491748929024, "mean absolute error [zpve]": 0.016673600301146507, "mean absolute error [u0]": 0.01285323966294527, "mean absolute error [u298]": 0.012853092513978481, "mean absolute error [h298]": 0.012852482497692108, "mean absolute error [g298]": 0.012852377258241177, "mean absolute error [cv]": 0.019550170749425888, "root mean squared error [mu]": 0.02853008732199669, "root mean squared error [alpha]": 0.013674282468855381, "root mean squared error [homo]": 0.02034982666373253, "root mean squared error [lumo]": 0.024934060871601105, "root mean squared error [gap]": 0.01898403838276863, "root mean squared error [r2]": 0.025796983391046524, "root mean squared error [zpve]": 0.02323484793305397, "root mean squared error [u0]": 0.019159432500600815, "root mean squared error [u298]": 0.019159134477376938, "root mean squared error [h298]": 0.019159283488988876, "root mean squared error [g298]": 0.019159525632858276, "root mean squared error [cv]": 0.02802206203341484}